{"lr-AdamW/pg1": 9.686464646464646e-05, "lr-AdamW/pg2": 9.686464646464646e-05, "trainer/global_step": 4109, "_timestamp": 1661383584, "_runtime": 15932, "_step": 5521, "top_conf_step": 0.9999326467514038, "low_conf_step": 0.0, "train_loss_step": 0.18368566036224365, "train_acc_step": 0.96875, "length": 8.0, "train_time_step": 0.8381295204162598, "epoch": 16, "val_top_conf_step": 0.9993497729301453, "val_low_conf_step": 0.0, "val_mean_conf_step": 0.600529670715332, "val_loss_step": 1.1636613607406616, "val_acc_step": 0.7142857313156128, "val_time_step": 0.16751599311828613, "val_top_conf_epoch": 0.9453611373901367, "val_low_conf_epoch": 0.0, "val_mean_conf_epoch": 0.44868364930152893, "val_loss_epoch": 1.0608302354812622, "val_acc_epoch": 0.7262575030326843, "val_time_epoch": 0.42055702209472656, "top_conf_epoch": 0.9999726414680481, "low_conf_epoch": 0.00543258897960186, "train_loss_epoch": 0.12943261861801147, "train_acc_epoch": 0.9628551006317139, "train_time_epoch": 0.7637887597084045, "_wandb": {"runtime": 15937}}