{"lr-AdamW/pg1": 9.692782272727273e-05, "lr-AdamW/pg2": 9.692782272727273e-05, "trainer/global_step": 4049, "_timestamp": 1661406684, "_runtime": 15311, "_step": 5178, "top_conf_step": 0.9999884366989136, "low_conf_step": 0.0, "train_loss_step": 0.009717744775116444, "train_acc_step": 1.0, "length": 7.0, "train_time_step": 0.44848132133483887, "epoch": 14, "val_top_conf_step": 0.9995276927947998, "val_low_conf_step": 0.0, "val_mean_conf_step": 0.6641160845756531, "val_loss_step": 1.9176286458969116, "val_acc_step": 0.7619047164916992, "val_time_step": 0.1271202564239502, "val_top_conf_epoch": 0.9377762675285339, "val_low_conf_epoch": 0.0, "val_mean_conf_epoch": 0.43255749344825745, "val_loss_epoch": 1.098015546798706, "val_acc_epoch": 0.7270547151565552, "val_time_epoch": 0.3212616741657257, "top_conf_epoch": 0.9999572038650513, "low_conf_epoch": 0.00193683838006109, "train_loss_epoch": 0.1498297154903412, "train_acc_epoch": 0.956514835357666, "train_time_epoch": 0.600829541683197, "_wandb": {"runtime": 15316}}